URL,Title,Word Count,Text Preview
https://www.teachforindia.org/,Teach For India Home,597,Teach For India Home DonatevolunteerWork with usfor AlumniFAQs Facebook icon Twitter iconInstagram icon LinkedIn icon LinkedIn iconThe Ed CrisisOur ImpactThe FellowshipAbout Teach For IndiaHow to be a FellowThe Conference of the BirdsDonateVolunteerWork With UsFor AlumniFAQREGISTERDonateVolunteerWork with usfor AlumniFAQ Facebook icon Twitter iconInstagram icon LinkedIn icon LinkedIn iconThe Ed CrisisOur ImpactThe FellowshipAbout Teach For IndiaHow to be a FellowDonateVolunteerWork with usFor Al
https://www.teachforindia.org/faqs,FAQ,2200,FAQ DonatevolunteerWork with usfor AlumniFAQs Facebook icon Twitter iconInstagram icon LinkedIn icon LinkedIn iconThe Ed CrisisOur ImpactThe FellowshipAbout Teach For IndiaHow to be a FellowThe Conference of the BirdsDonateVolunteerWork With UsFor AlumniFAQREGISTERFrequently Asked QuestionsWe answer the most common questions about the Teach For India Fellowship below. | The Fellowship| Leadership Training| Location & Placement| Compensation & Benefits| Post Fellowship Opportunities| Application 
https://www.teachforindia.org/refund-policy,Refund Policy,423,Refund Policy DonatevolunteerWork with usfor AlumniFAQS Facebook icon Twitter iconInstagram icon LinkedIn icon LinkedIn iconThe Ed CrisisOur ImpactThe FellowshipAbout Teach For IndiaHow to be a FellowThe Conference of the BirdsDonateVolunteerWork With UsFor AlumniFAQREGISTERRefund PolicyTeach To Lead (we/us) institutes a donation refund policy to ensure fair and transparent processing of requests for refund donations. Teach To Lead requests donors to exercise due care and diligence while making 
https://www.teachforindia.org/education-crisis,The Education Crisis,238,"The Education Crisis DonatevolunteerWork with usfor AlumniFAQs Facebook icon Twitter iconInstagram icon LinkedIn icon LinkedIn iconThe Ed CrisisOur ImpactThe FellowshipAbout Teach For IndiaHow to be a FellowThe Conference of the BirdsDonateVolunteerWork With UsFor AlumniFAQREGISTERIndia is facing a crisis of unprecedented proportions. While our Constitution guarantees all of us Equality, Justice, Fraternity and Liberty, these are distant ideals for many of us.Children living in poverty are often"
https://www.teachforindia.org/careers,Work With Us,441,"Work With Us DonatevolunteerWork with usfor AlumniFAQS Facebook icon Twitter iconInstagram icon LinkedIn icon LinkedIn iconThe Ed CrisisOur ImpactThe FellowshipAbout Teach For IndiaHow to be a FellowThe Conference of the BirdsDonateVolunteerWork With UsFor AlumniFAQREGISTERWork with usTeach For India brings together a diverse group of exceptional individuals to work on our Staff team. Together, we tirelessly strive to build a nation free of poverty and filled with love, by keeping our children, "
https://www.teachforindia.org/about-us,About Teach For India,1432,"About Teach For India DonatevolunteerWork with usfor AlumniFAQS Facebook icon Twitter iconInstagram icon LinkedIn icon LinkedIn iconThe Ed CrisisOur ImpactThe FellowshipAbout Teach For IndiaHow to be a FellowThe Conference of the BirdsDonateVolunteerWork With UsFor AlumniFAQREGISTERAbout Teach For IndiaTeach For India was founded in 2008. Inspired by Teach For Americaâs journey, we worked with McKinsey & Company to craft a blueprint around the belief that all children must attain an excellent "
https://www.teachforindia.org/child-protection-policy,Child Protection Policy,1244,"Child Protection Policy DonatevolunteerWork with usfor AlumniFAQS Facebook icon Twitter iconInstagram icon LinkedIn icon LinkedIn iconThe Ed CrisisOur ImpactThe FellowshipAbout Teach For IndiaHow to be a FellowThe Conference of the BirdsDonateVolunteerWork With UsFor AlumniFAQREGISTERChild Protection PolicyTeach To Lead is committed to protecting the safety and well-being of children. Thus, Teach To Lead has adopted this Child Protection Policy (CPP) requiring organisation representatives to con"
https://www.teachforindia.org/volunteer-old,Volunteer_old,702,"Volunteer_old DonatevolunteerWork with usFOR ALUMNIFAQS Facebook icon Twitter iconInstagram icon LinkedIn icon LinkedIn iconThe Ed CrisisOur ImpactThe FellowshipAbout Teach For IndiaHow to be a FellowThe Conference of the BirdsDonateVolunteerWork With UsFOR ALUMNIFAQVolunteer with usVolunteering with Teach For India allows you to work directly with students while gaining meaningful exposure to the state of education in India today. By immersing in classrooms, working with our Fellows, and engagi"
https://www.teachforindia.org/privacy-policy,Privacy Policy,780,Privacy Policy DonatevolunteerWork with usfor AlumniFAQS Facebook icon Twitter iconInstagram icon LinkedIn icon LinkedIn iconThe Ed CrisisOur ImpactThe FellowshipAbout Teach For IndiaHow to be a FellowThe Conference of the BirdsDonateVolunteerWork With UsFor AlumniFAQREGISTERPrivacy PolicyTeach For India is committed to providing privacy for visitors on our website as well as recipients of our email messages. Teach For India promotes the tenets of opt-in email and privacy among our partners and 
https://www.teachforindia.org/cotb-interim,COTB Interim,291,"COTB Interim The Conference of the BirdsDonateVOLUNTEERWork with usFAQS Facebook icon Twitter iconInstagram icon LinkedIn icon LinkedIn iconPresents The Conference of the BirdsTen years after our Maya musical, some of our 'Maya' Students have returned to co-write, direct, choreograph and teach Students themselves! The Conference of the Birds is a Sufi, Hamilton-inspired hip-hop tale of a group of Students on a journey of Liberty, Equality, Fraternity and Justice. Our intention is to hold this qu"
https://www.teachforindia.org/volunteer,Volunteer,702,"Volunteer DonatevolunteerWork with usFOR ALUMNIFAQS Facebook icon Twitter iconInstagram icon LinkedIn icon LinkedIn iconThe Ed CrisisOur ImpactThe FellowshipAbout Teach For IndiaHow to be a FellowThe Conference of the BirdsDonateVolunteerWork With UsFOR ALUMNIFAQVolunteer with usVolunteering with Teach For India allows you to work directly with students while gaining meaningful exposure to the state of education in India today. By immersing in classrooms, working with our Fellows, and engaging w"
https://www.teachforindia.org/terms-of-use,Terms Of Use,3143,"Terms Of Use DonatevolunteerWork with usfor AlumniFAQS Facebook icon Twitter iconInstagram icon LinkedIn icon LinkedIn iconThe Ed CrisisOur ImpactThe FellowshipAbout Teach For IndiaHow to be a FellowThe Conference of the BirdsDonateVolunteerWork With UsFor AlumniFAQREGISTERTerms and ConditionsLast updated on 31 October 2022Welcome to the website of Teach For India (an entity registered as âTeach to Leadâ) (âTrustâ, âweâ, âourâ, âusâ, âTeach to Leadâ, âOrganizationâ)1."
https://www.teachforindia.org/become-a-fellow,How to be a Fellow,911,"How to be a Fellow DonatevolunteerWork with usfor AlumniFAQs Facebook icon Twitter iconInstagram icon LinkedIn icon LinkedIn iconThe Ed CrisisOur ImpactThe FellowshipAbout Teach For IndiaHow to be a FellowThe Conference of the BirdsDonateVolunteerWork With UsFor AlumniFAQREGISTERHow to be a FellowThe Fellowship is a rewarding, life-changing experience. Here's everything you need to know.| Eligibility| Selection Process| Placement Cities| Compensation & BenefitsâI was fortunate to have experien"
https://www.teachforindia.org/contact-us,Contact Us,293,"Contact Us DonatevolunteerWork with usfor AlumniFAQS Facebook icon Twitter iconInstagram icon LinkedIn icon LinkedIn iconThe Ed CrisisOur ImpactThe FellowshipAbout Teach For IndiaHow to be a FellowThe Conference of the BirdsDonateVolunteerWork With UsFor AlumniFAQREGISTERContact UsMUMBAI (REGD. OFFICE)Teach For India Godrej One, 2nd Floor, Pirojshanagar, Eastern Express Highway, Vikhroli (East), Mumbai, Maharashtra - 400079Find usPUNETeach For India Connaught Place, Opposite Wadiya College, Offi"
https://www.teachforindia.org/our-impact,Our Impact,853,"Our Impact DonatevolunteerWork with usfor AlumniFAQs Facebook icon Twitter iconInstagram icon LinkedIn icon LinkedIn iconThe Ed CrisisOur ImpactThe FellowshipAbout Teach For IndiaHow to be a FellowThe Conference of the BirdsDonateVolunteerWork With UsFor AlumniFAQREGISTERThe Power of Our MovementOur Student, Fellow, Alumni and broader impact is visible, measurable and significant.| Student Impact| Fellow and Alumni ImpactStudent ImpactBuilding a better India starts with small, daily actions in o"
https://www.teachforindia.org/innovated,Innovated,1770,Innovated DonatevolunteerWork with usfor AlumniFAQS Facebook icon Twitter iconInstagram icon LinkedIn icon LinkedIn iconThe Ed CrisisOur ImpactThe FellowshipAbout Teach For IndiaHow to be a FellowThe Conference of the BirdsDonateVolunteerWork With UsFor AlumniFAQREGISTERWhat is InnovatED is Teach For India's national platform for incubating entrepreneurs looking to build impactful organisations in education.| Why InnovatED?| Register for InnovatED 2025| Our cohortsWhy InnovatED?We understand tha
https://www.teachforindia.org/donate,Donate,727,"Donate DonatevolunteerWork with usfor AlumniFAQs Facebook icon Twitter iconInstagram icon LinkedIn icon LinkedIn iconThe Ed CrisisOur ImpactThe FellowshipAbout Teach For IndiaHow to be a FellowThe Conference of the BirdsDonateVolunteerWork With UsFor AlumniFAQREGISTERDonate to Teach For IndiaWe need your support to reach our vision of an excellent, equitable education for all children. Your contribution can make a difference.| Invest in India| FAQ| Our Donors| Strategic PartnersDonate to the Con"
https://www.teachforindia.org/search,Search Results,139,Search Results DonatevolunteerWork with usfor AlumniFAQ Facebook icon Twitter iconInstagram icon LinkedIn icon LinkedIn iconThe Ed CrisisOur ImpactThe FellowshipAbout TFIHow to be a FellowThe Conference of the BirdsDonateVolunteerWork With UsFor AlumniFAQREGISTERSearchNo matching results.Quick LinksThe ED CrisisOur ImpactThe FellowshipABOUT TFIInnovatEDApplyFAQSDONATECHILDÂ PROTECTIONÂ POLICYFor AlumniVolunteerContactFinancialsHow To Be A Fellow Privacy PolicyTerms Of UseRefund PolicyWork With U
https://www.teachforindia.org/fellowship,The Fellowship,1299,"The Fellowship DonatevolunteerWork with usfor AlumniFAQs Facebook icon Twitter iconInstagram icon LinkedIn icon LinkedIn iconThe Ed CrisisOur ImpactThe FellowshipAbout Teach For IndiaHow to be a FellowThe Conference of the BirdsDonateVolunteerWork With UsFor AlumniFAQREGISTERThe FellowshipAs a Teach For India Fellow, you will have the opportunity to impact the future of India's children while gaining the leadership experience to find your purpose and fuel your career.| Why be a Fellow?| Who are "
https://www.teachforindia.org/financials,Financials,278,Financials DonatevolunteerWork with usfor AlumniFAQS Facebook icon Twitter iconInstagram icon LinkedIn icon LinkedIn iconThe Ed CrisisOur ImpactThe FellowshipAbout Teach For IndiaHow to be a FellowThe Conference of the BirdsDonateVolunteerWork With UsFor AlumniFAQREGISTERFinancialsTeach For India has received its accreditation from Credibility Alliance - a consortium of voluntary organizations committed towards enhancing accountability and transparency in the voluntary sector through good govern
https://www.teachforindia.org/innovated-faq,Innovated FAQ,1326,Innovated FAQ DonatevolunteerWork with usfor AlumniFAQS Facebook icon Twitter iconInstagram icon LinkedIn icon LinkedIn iconThe Ed CrisisOur ImpactThe FellowshipAbout Teach For IndiaHow to be a FellowThe Conference of the BirdsDonateVolunteerWork With UsFor AlumniFAQREGISTERInnovatED Frequently Asked QuestionsWe answer the most common questions about InnovatED below. | Selection and Eligibility| Incubation| InnovatED LaunchPad| ResourcesSelection and EligibilityWhat does the selection process fo
